episode,path,player,side,won,opp_deck,player_winrate,player_games,my_deck,src
88261416,/Users/nickzwart/Desktop/Dries Tufa Labs/88261416.json,Dries @ Tufa Labs,1,0,M-Lucario,0.637,1202,Grimmsnarl,Dries Tufa Labs
88261577,/Users/nickzwart/Desktop/Dries Tufa Labs/88261577.json,Dries @ Tufa Labs,0,1,Alakazam,0.637,1202,Grimmsnarl,Dries Tufa Labs
88261957,/Users/nickzwart/Desktop/Dries Tufa Labs/88261957.json,Dries @ Tufa Labs,1,1,Grimmsnarl,0.637,1202,Grimmsnarl,Dries Tufa Labs
88262471,/Users/nickzwart/Desktop/Dries Tufa Labs/88262471.json,Dries @ Tufa Labs,1,1,M-Lucario,0.637,1202,Grimmsnarl,Dries Tufa Labs
88263038,/Users/nickzwart/Desktop/Dries Tufa Labs/88263038.json,Dries @ Tufa Labs,0,1,M-Lucario,0.637,1202,Grimmsnarl,Dries Tufa Labs
88263548,/Users/nickzwart/Desktop/Dries Tufa Labs/88263548.json,Dries @ Tufa Labs,0,1,other,0.637,1202,Grimmsnarl,Dries Tufa Labs
88264108,/Users/nickzwart/Desktop/Dries Tufa Labs/88264108.json,Dries @ Tufa Labs,0,1,other,0.637,1202,Grimmsnarl,Dries Tufa Labs
88264660,/Users/nickzwart/Desktop/Dries Tufa Labs/88264660.json,Dries @ Tufa Labs,1,1,Alakazam,0.637,1202,Grimmsnarl,Dries Tufa Labs
88265199,/Users/nickzwart/Desktop/Dries Tufa Labs/88265199.json,Dries @ Tufa Labs,0,1,Archaludon,0.637,1202,Grimmsnarl,Dries Tufa Labs
88265724,/Users/nickzwart/Desktop/Dries Tufa Labs/88265724.json,Dries @ Tufa Labs,1,1,Alakazam,0.637,1202,Grimmsnarl,Dries Tufa Labs
88266258,/Users/nickzwart/Desktop/Dries Tufa Labs/88266258.json,Dries @ Tufa Labs,1,1,Alakazam,0.637,1202,Grimmsnarl,Dries Tufa Labs
88266808,/Users/nickzwart/Desktop/Dries Tufa Labs/88266808.json,Dries @ Tufa Labs,0,0,Archaludon,0.637,1202,Grimmsnarl,Dries Tufa Labs
88267345,/Users/nickzwart/Desktop/Dries Tufa Labs/88267345.json,Dries @ Tufa Labs,0,1,Alakazam,0.637,1202,Grimmsnarl,Dries Tufa Labs
88267889,/Users/nickzwart/Desktop/Dries Tufa Labs/88267889.json,Dries @ Tufa Labs,0,1,Crustle,0.637,1202,Grimmsnarl,Dries Tufa Labs
88268429,/Users/nickzwart/Desktop/Dries Tufa Labs/88268429.json,Dries @ Tufa Labs,0,1,Alakazam,0.637,1202,Grimmsnarl,Dries Tufa Labs
88268962,/Users/nickzwart/Desktop/Dries Tufa Labs/88268962.json,Dries @ Tufa Labs,1,1,other,0.637,1202,Grimmsnarl,Dries Tufa Labs
88269479,/Users/nickzwart/Desktop/Dries Tufa Labs/88269479.json,Dries @ Tufa Labs,1,1,Alakazam,0.637,1202,Grimmsnarl,Dries Tufa Labs
88270024,/Users/nickzwart/Desktop/Dries Tufa Labs/88270024.json,Dries @ Tufa Labs,0,1,Dragapult,0.637,1202,Grimmsnarl,Dries Tufa Labs
88270043,/Users/nickzwart/Desktop/Dries Tufa Labs/88270043.json,Dries @ Tufa Labs,1,1,Grimmsnarl,0.637,1202,Grimmsnarl,Dries Tufa Labs
88270570,/Users/nickzwart/Desktop/Dries Tufa Labs/88270570.json,Dries @ Tufa Labs,0,1,Grimmsnarl,0.637,1202,Grimmsnarl,Dries Tufa Labs
88271103,/Users/nickzwart/Desktop/Dries Tufa Labs/88271103.json,Dries @ Tufa Labs,0,1,Grimmsnarl,0.637,1202,Grimmsnarl,Dries Tufa Labs
88271620,/Users/nickzwart/Desktop/Dries Tufa Labs/88271620.json,Dries @ Tufa Labs,1,0,Alakazam,0.637,1202,Grimmsnarl,Dries Tufa Labs
88272168,/Users/nickzwart/Desktop/Dries Tufa Labs/88272168.json,Dries @ Tufa Labs,1,1,Grimmsnarl,0.637,1202,Grimmsnarl,Dries Tufa Labs
88272695,/Users/nickzwart/Desktop/Dries Tufa Labs/88272695.json,Dries @ Tufa Labs,1,1,Cynthia-Garchomp,0.637,1202,Grimmsnarl,Dries Tufa Labs
88273211,/Users/nickzwart/Desktop/Dries Tufa Labs/88273211.json,Dries @ Tufa Labs,0,1,Alakazam,0.637,1202,Grimmsnarl,Dries Tufa Labs
88273767,/Users/nickzwart/Desktop/Dries Tufa Labs/88273767.json,Dries @ Tufa Labs,1,1,Grimmsnarl,0.637,1202,Grimmsnarl,Dries Tufa Labs
88273973,/Users/nickzwart/Desktop/Dries Tufa Labs/88273973.json,Dries @ Tufa Labs,0,1,Grimmsnarl,0.637,1202,Grimmsnarl,Dries Tufa Labs
88274302,/Users/nickzwart/Desktop/Dries Tufa Labs/88274302.json,Dries @ Tufa Labs,0,0,other,0.637,1202,Grimmsnarl,Dries Tufa Labs
88274852,/Users/nickzwart/Desktop/Dries Tufa Labs/88274852.json,Dries @ Tufa Labs,1,1,M-Kangaskhan,0.637,1202,Grimmsnarl,Dries Tufa Labs
88275396,/Users/nickzwart/Desktop/Dries Tufa Labs/88275396.json,Dries @ Tufa Labs,1,0,Cynthia-Garchomp,0.637,1202,Grimmsnarl,Dries Tufa Labs
88275927,/Users/nickzwart/Desktop/Dries Tufa Labs/88275927.json,Dries @ Tufa Labs,1,1,Grimmsnarl,0.637,1202,Grimmsnarl,Dries Tufa Labs
88276480,/Users/nickzwart/Desktop/Dries Tufa Labs/88276480.json,Dries @ Tufa Labs,1,0,M-Kangaskhan,0.637,1202,Grimmsnarl,Dries Tufa Labs
88277022,/Users/nickzwart/Desktop/Dries Tufa Labs/88277022.json,Dries @ Tufa Labs,1,1,Grimmsnarl,0.637,1202,Grimmsnarl,Dries Tufa Labs
88277078,/Users/nickzwart/Desktop/Dries Tufa Labs/88277078.json,Dries @ Tufa Labs,0,1,Grimmsnarl,0.637,1202,Grimmsnarl,Dries Tufa Labs
88277557,/Users/nickzwart/Desktop/Dries Tufa Labs/88277557.json,Dries @ Tufa Labs,1,1,Grimmsnarl,0.637,1202,Grimmsnarl,Dries Tufa Labs
88278092,/Users/nickzwart/Desktop/Dries Tufa Labs/88278092.json,Dries @ Tufa Labs,0,1,Grimmsnarl,0.637,1202,Grimmsnarl,Dries Tufa Labs
88278502,/Users/nickzwart/Desktop/Dries Tufa Labs/88278502.json,Dries @ Tufa Labs,0,0,Grimmsnarl,0.637,1202,Grimmsnarl,Dries Tufa Labs
88278632,/Users/nickzwart/Desktop/Dries Tufa Labs/88278632.json,Dries @ Tufa Labs,1,0,M-Kangaskhan,0.637,1202,Grimmsnarl,Dries Tufa Labs
88279151,/Users/nickzwart/Desktop/Dries Tufa Labs/88279151.json,Dries @ Tufa Labs,1,0,Alakazam,0.637,1202,Grimmsnarl,Dries Tufa Labs
88279697,/Users/nickzwart/Desktop/Dries Tufa Labs/88279697.json,Dries @ Tufa Labs,1,1,Grimmsnarl,0.637,1202,Grimmsnarl,Dries Tufa Labs
88279717,/Users/nickzwart/Desktop/Dries Tufa Labs/88279717.json,Dries @ Tufa Labs,0,0,Alakazam,0.637,1202,Grimmsnarl,Dries Tufa Labs
88280233,/Users/nickzwart/Desktop/Dries Tufa Labs/88280233.json,Dries @ Tufa Labs,0,1,Alakazam,0.637,1202,Grimmsnarl,Dries Tufa Labs
88280769,/Users/nickzwart/Desktop/Dries Tufa Labs/88280769.json,Dries @ Tufa Labs,1,1,other,0.637,1202,Grimmsnarl,Dries Tufa Labs
88281294,/Users/nickzwart/Desktop/Dries Tufa Labs/88281294.json,Dries @ Tufa Labs,1,1,Alakazam,0.637,1202,Grimmsnarl,Dries Tufa Labs
88281822,/Users/nickzwart/Desktop/Dries Tufa Labs/88281822.json,Dries @ Tufa Labs,1,1,Archaludon,0.637,1202,Grimmsnarl,Dries Tufa Labs
88282349,/Users/nickzwart/Desktop/Dries Tufa Labs/88282349.json,Dries @ Tufa Labs,0,0,other,0.637,1202,Grimmsnarl,Dries Tufa Labs
88282890,/Users/nickzwart/Desktop/Dries Tufa Labs/88282890.json,Dries @ Tufa Labs,0,1,Grimmsnarl,0.637,1202,Grimmsnarl,Dries Tufa Labs
88283406,/Users/nickzwart/Desktop/Dries Tufa Labs/88283406.json,Dries @ Tufa Labs,1,0,Crustle,0.637,1202,Grimmsnarl,Dries Tufa Labs
88283965,/Users/nickzwart/Desktop/Dries Tufa Labs/88283965.json,Dries @ Tufa Labs,1,1,Alakazam,0.637,1202,Grimmsnarl,Dries Tufa Labs
88284466,/Users/nickzwart/Desktop/Dries Tufa Labs/88284466.json,Dries @ Tufa Labs,0,1,Crustle,0.637,1202,Grimmsnarl,Dries Tufa Labs
88284947,/Users/nickzwart/Desktop/Dries Tufa Labs/88284947.json,Dries @ Tufa Labs,1,1,Alakazam,0.637,1202,Grimmsnarl,Dries Tufa Labs
88284986,/Users/nickzwart/Desktop/Dries Tufa Labs/88284986.json,Dries @ Tufa Labs,0,0,Grimmsnarl,0.637,1202,Grimmsnarl,Dries Tufa Labs
88285559,/Users/nickzwart/Desktop/Dries Tufa Labs/88285559.json,Dries @ Tufa Labs,1,0,Grimmsnarl,0.637,1202,Grimmsnarl,Dries Tufa Labs
88287696,/Users/nickzwart/Desktop/Dries Tufa Labs/88287696.json,Dries @ Tufa Labs,1,1,Alakazam,0.637,1202,Grimmsnarl,Dries Tufa Labs
88289377,/Users/nickzwart/Desktop/Dries Tufa Labs/88289377.json,Dries @ Tufa Labs,0,1,other,0.637,1202,Grimmsnarl,Dries Tufa Labs
88290913,/Users/nickzwart/Desktop/Dries Tufa Labs/88290913.json,Dries @ Tufa Labs,1,1,Grimmsnarl,0.637,1202,Grimmsnarl,Dries Tufa Labs
88292013,/Users/nickzwart/Desktop/Dries Tufa Labs/88292013.json,Dries @ Tufa Labs,1,1,Crustle,0.637,1202,Grimmsnarl,Dries Tufa Labs
88293502,/Users/nickzwart/Desktop/Dries Tufa Labs/88293502.json,Dries @ Tufa Labs,1,1,Grimmsnarl,0.637,1202,Grimmsnarl,Dries Tufa Labs
88294596,/Users/nickzwart/Desktop/Dries Tufa Labs/88294596.json,Dries @ Tufa Labs,1,1,Grimmsnarl,0.637,1202,Grimmsnarl,Dries Tufa Labs
88295625,/Users/nickzwart/Desktop/Dries Tufa Labs/88295625.json,Dries @ Tufa Labs,0,1,Crustle,0.637,1202,Grimmsnarl,Dries Tufa Labs
88297175,/Users/nickzwart/Desktop/Dries Tufa Labs/88297175.json,Dries @ Tufa Labs,1,0,other,0.637,1202,Grimmsnarl,Dries Tufa Labs
88299304,/Users/nickzwart/Desktop/Dries Tufa Labs/88299304.json,Dries @ Tufa Labs,0,1,Grimmsnarl,0.637,1202,Grimmsnarl,Dries Tufa Labs
88299587,/Users/nickzwart/Desktop/Dries Tufa Labs/88299587.json,Dries @ Tufa Labs,1,0,Grimmsnarl,0.637,1202,Grimmsnarl,Dries Tufa Labs
88300130,/Users/nickzwart/Desktop/Dries Tufa Labs/88300130.json,Dries @ Tufa Labs,0,1,Dragapult,0.637,1202,Grimmsnarl,Dries Tufa Labs
88300642,/Users/nickzwart/Desktop/Dries Tufa Labs/88300642.json,Dries @ Tufa Labs,0,0,Grimmsnarl,0.637,1202,Grimmsnarl,Dries Tufa Labs
88301667,/Users/nickzwart/Desktop/Dries Tufa Labs/88301667.json,Dries @ Tufa Labs,1,1,Grimmsnarl,0.637,1202,Grimmsnarl,Dries Tufa Labs
88305564,/Users/nickzwart/Desktop/Dries Tufa Labs/88305564.json,Dries @ Tufa Labs,1,1,Alakazam,0.637,1202,Grimmsnarl,Dries Tufa Labs
88306681,/Users/nickzwart/Desktop/Dries Tufa Labs/88306681.json,Dries @ Tufa Labs,1,0,Grimmsnarl,0.637,1202,Grimmsnarl,Dries Tufa Labs
88307193,/Users/nickzwart/Desktop/Dries Tufa Labs/88307193.json,Dries @ Tufa Labs,1,1,Grimmsnarl,0.637,1202,Grimmsnarl,Dries Tufa Labs
88307517,/Users/nickzwart/Desktop/Dries Tufa Labs/88307517.json,Dries @ Tufa Labs,1,0,M-Kangaskhan,0.637,1202,Grimmsnarl,Dries Tufa Labs
88307674,/Users/nickzwart/Desktop/Dries Tufa Labs/88307674.json,Dries @ Tufa Labs,1,1,Grimmsnarl,0.637,1202,Grimmsnarl,Dries Tufa Labs
88308113,/Users/nickzwart/Desktop/Dries Tufa Labs/88308113.json,Dries @ Tufa Labs,0,1,Cynthia-Garchomp,0.637,1202,Grimmsnarl,Dries Tufa Labs
88308598,/Users/nickzwart/Desktop/Dries Tufa Labs/88308598.json,Dries @ Tufa Labs,0,1,other,0.637,1202,Grimmsnarl,Dries Tufa Labs
88309101,/Users/nickzwart/Desktop/Dries Tufa Labs/88309101.json,Dries @ Tufa Labs,0,1,Grimmsnarl,0.637,1202,Grimmsnarl,Dries Tufa Labs
88309616,/Users/nickzwart/Desktop/Dries Tufa Labs/88309616.json,Dries @ Tufa Labs,0,0,M-Kangaskhan,0.637,1202,Grimmsnarl,Dries Tufa Labs
88309793,/Users/nickzwart/Desktop/Dries Tufa Labs/88309793.json,Dries @ Tufa Labs,0,1,Grimmsnarl,0.637,1202,Grimmsnarl,Dries Tufa Labs
88310133,/Users/nickzwart/Desktop/Dries Tufa Labs/88310133.json,Dries @ Tufa Labs,1,1,other,0.637,1202,Grimmsnarl,Dries Tufa Labs
88310648,/Users/nickzwart/Desktop/Dries Tufa Labs/88310648.json,Dries @ Tufa Labs,0,1,Grimmsnarl,0.637,1202,Grimmsnarl,Dries Tufa Labs
88311151,/Users/nickzwart/Desktop/Dries Tufa Labs/88311151.json,Dries @ Tufa Labs,1,1,M-Kangaskhan,0.637,1202,Grimmsnarl,Dries Tufa Labs
88311157,/Users/nickzwart/Desktop/Dries Tufa Labs/88311157.json,Dries @ Tufa Labs,1,1,Crustle,0.637,1202,Grimmsnarl,Dries Tufa Labs
88311668,/Users/nickzwart/Desktop/Dries Tufa Labs/88311668.json,Dries @ Tufa Labs,0,1,Grimmsnarl,0.637,1202,Grimmsnarl,Dries Tufa Labs
88312248,/Users/nickzwart/Desktop/Dries Tufa Labs/88312248.json,Dries @ Tufa Labs,0,1,Cynthia-Garchomp,0.637,1202,Grimmsnarl,Dries Tufa Labs
88312776,/Users/nickzwart/Desktop/Dries Tufa Labs/88312776.json,Dries @ Tufa Labs,1,0,Alakazam,0.637,1202,Grimmsnarl,Dries Tufa Labs
88313293,/Users/nickzwart/Desktop/Dries Tufa Labs/88313293.json,Dries @ Tufa Labs,0,1,other,0.637,1202,Grimmsnarl,Dries Tufa Labs
88313800,/Users/nickzwart/Desktop/Dries Tufa Labs/88313800.json,Dries @ Tufa Labs,1,1,Alakazam,0.637,1202,Grimmsnarl,Dries Tufa Labs
88314303,/Users/nickzwart/Desktop/Dries Tufa Labs/88314303.json,Dries @ Tufa Labs,0,1,other,0.637,1202,Grimmsnarl,Dries Tufa Labs
88314806,/Users/nickzwart/Desktop/Dries Tufa Labs/88314806.json,Dries @ Tufa Labs,1,1,Crustle,0.637,1202,Grimmsnarl,Dries Tufa Labs
88314819,/Users/nickzwart/Desktop/Dries Tufa Labs/88314819.json,Dries @ Tufa Labs,0,0,Grimmsnarl,0.637,1202,Grimmsnarl,Dries Tufa Labs
88315322,/Users/nickzwart/Desktop/Dries Tufa Labs/88315322.json,Dries @ Tufa Labs,0,0,M-Kangaskhan,0.637,1202,Grimmsnarl,Dries Tufa Labs
88315326,/Users/nickzwart/Desktop/Dries Tufa Labs/88315326.json,Dries @ Tufa Labs,1,0,Dragapult,0.637,1202,Grimmsnarl,Dries Tufa Labs
88315329,/Users/nickzwart/Desktop/Dries Tufa Labs/88315329.json,Dries @ Tufa Labs,0,0,Grimmsnarl,0.637,1202,Grimmsnarl,Dries Tufa Labs
88315341,/Users/nickzwart/Desktop/Dries Tufa Labs/88315341.json,Dries @ Tufa Labs,0,0,Cynthia-Garchomp,0.637,1202,Grimmsnarl,Dries Tufa Labs
88315844,/Users/nickzwart/Desktop/Dries Tufa Labs/88315844.json,Dries @ Tufa Labs,0,1,other,0.637,1202,Grimmsnarl,Dries Tufa Labs
88315859,/Users/nickzwart/Desktop/Dries Tufa Labs/88315859.json,Dries @ Tufa Labs,1,0,Alakazam,0.637,1202,Grimmsnarl,Dries Tufa Labs
88316365,/Users/nickzwart/Desktop/Dries Tufa Labs/88316365.json,Dries @ Tufa Labs,0,0,Grimmsnarl,0.637,1202,Grimmsnarl,Dries Tufa Labs
88316874,/Users/nickzwart/Desktop/Dries Tufa Labs/88316874.json,Dries @ Tufa Labs,0,1,Grimmsnarl,0.637,1202,Grimmsnarl,Dries Tufa Labs
88317393,/Users/nickzwart/Desktop/Dries Tufa Labs/88317393.json,Dries @ Tufa Labs,1,1,Dragapult,0.637,1202,Grimmsnarl,Dries Tufa Labs
88317910,/Users/nickzwart/Desktop/Dries Tufa Labs/88317910.json,Dries @ Tufa Labs,0,0,Cynthia-Garchomp,0.637,1202,Grimmsnarl,Dries Tufa Labs
88318423,/Users/nickzwart/Desktop/Dries Tufa Labs/88318423.json,Dries @ Tufa Labs,0,0,Grimmsnarl,0.637,1202,Grimmsnarl,Dries Tufa Labs
88318941,/Users/nickzwart/Desktop/Dries Tufa Labs/88318941.json,Dries @ Tufa Labs,1,0,other,0.637,1202,Grimmsnarl,Dries Tufa Labs
88319467,/Users/nickzwart/Desktop/Dries Tufa Labs/88319467.json,Dries @ Tufa Labs,0,0,Grimmsnarl,0.637,1202,Grimmsnarl,Dries Tufa Labs
88319960,/Users/nickzwart/Desktop/Dries Tufa Labs/88319960.json,Dries @ Tufa Labs,0,0,Dragapult,0.637,1202,Grimmsnarl,Dries Tufa Labs
88319973,/Users/nickzwart/Desktop/Dries Tufa Labs/88319973.json,Dries @ Tufa Labs,0,0,Cynthia-Garchomp,0.637,1202,Grimmsnarl,Dries Tufa Labs
88320492,/Users/nickzwart/Desktop/Dries Tufa Labs/88320492.json,Dries @ Tufa Labs,1,1,Alakazam,0.637,1202,Grimmsnarl,Dries Tufa Labs
88320538,/Users/nickzwart/Desktop/Dries Tufa Labs/88320538.json,Dries @ Tufa Labs,0,1,Grimmsnarl,0.637,1202,Grimmsnarl,Dries Tufa Labs
88321002,/Users/nickzwart/Desktop/Dries Tufa Labs/88321002.json,Dries @ Tufa Labs,0,1,Archaludon,0.637,1202,Grimmsnarl,Dries Tufa Labs
88321530,/Users/nickzwart/Desktop/Dries Tufa Labs/88321530.json,Dries @ Tufa Labs,0,1,Cynthia-Garchomp,0.637,1202,Grimmsnarl,Dries Tufa Labs
88322049,/Users/nickzwart/Desktop/Dries Tufa Labs/88322049.json,Dries @ Tufa Labs,0,1,Grimmsnarl,0.637,1202,Grimmsnarl,Dries Tufa Labs
88322098,/Users/nickzwart/Desktop/Dries Tufa Labs/88322098.json,Dries @ Tufa Labs,0,1,Alakazam,0.637,1202,Grimmsnarl,Dries Tufa Labs
88322621,/Users/nickzwart/Desktop/Dries Tufa Labs/88322621.json,Dries @ Tufa Labs,1,0,Grimmsnarl,0.637,1202,Grimmsnarl,Dries Tufa Labs
88322631,/Users/nickzwart/Desktop/Dries Tufa Labs/88322631.json,Dries @ Tufa Labs,1,1,Alakazam,0.637,1202,Grimmsnarl,Dries Tufa Labs
88323126,/Users/nickzwart/Desktop/Dries Tufa Labs/88323126.json,Dries @ Tufa Labs,0,1,Grimmsnarl,0.637,1202,Grimmsnarl,Dries Tufa Labs
88323142,/Users/nickzwart/Desktop/Dries Tufa Labs/88323142.json,Dries @ Tufa Labs,0,1,Grimmsnarl,0.637,1202,Grimmsnarl,Dries Tufa Labs
88323144,/Users/nickzwart/Desktop/Dries Tufa Labs/88323144.json,Dries @ Tufa Labs,1,0,other,0.637,1202,Grimmsnarl,Dries Tufa Labs
88323660,/Users/nickzwart/Desktop/Dries Tufa Labs/88323660.json,Dries @ Tufa Labs,1,1,Grimmsnarl,0.637,1202,Grimmsnarl,Dries Tufa Labs
88324179,/Users/nickzwart/Desktop/Dries Tufa Labs/88324179.json,Dries @ Tufa Labs,1,1,Grimmsnarl,0.637,1202,Grimmsnarl,Dries Tufa Labs
88324699,/Users/nickzwart/Desktop/Dries Tufa Labs/88324699.json,Dries @ Tufa Labs,1,1,Dragapult,0.637,1202,Grimmsnarl,Dries Tufa Labs
88324710,/Users/nickzwart/Desktop/Dries Tufa Labs/88324710.json,Dries @ Tufa Labs,0,0,Alakazam,0.637,1202,Grimmsnarl,Dries Tufa Labs
88324713,/Users/nickzwart/Desktop/Dries Tufa Labs/88324713.json,Dries @ Tufa Labs,1,0,Grimmsnarl,0.637,1202,Grimmsnarl,Dries Tufa Labs
88325214,/Users/nickzwart/Desktop/Dries Tufa Labs/88325214.json,Dries @ Tufa Labs,1,1,Grimmsnarl,0.637,1202,Grimmsnarl,Dries Tufa Labs
88325741,/Users/nickzwart/Desktop/Dries Tufa Labs/88325741.json,Dries @ Tufa Labs,0,1,Alakazam,0.637,1202,Grimmsnarl,Dries Tufa Labs
88326260,/Users/nickzwart/Desktop/Dries Tufa Labs/88326260.json,Dries @ Tufa Labs,1,1,Grimmsnarl,0.637,1202,Grimmsnarl,Dries Tufa Labs
88326277,/Users/nickzwart/Desktop/Dries Tufa Labs/88326277.json,Dries @ Tufa Labs,1,1,Grimmsnarl,0.637,1202,Grimmsnarl,Dries Tufa Labs
88326290,/Users/nickzwart/Desktop/Dries Tufa Labs/88326290.json,Dries @ Tufa Labs,0,1,Grimmsnarl,0.637,1202,Grimmsnarl,Dries Tufa Labs
88326770,/Users/nickzwart/Desktop/Dries Tufa Labs/88326770.json,Dries @ Tufa Labs,1,0,Grimmsnarl,0.637,1202,Grimmsnarl,Dries Tufa Labs
88327281,/Users/nickzwart/Desktop/Dries Tufa Labs/88327281.json,Dries @ Tufa Labs,1,0,Grimmsnarl,0.637,1202,Grimmsnarl,Dries Tufa Labs
88327336,/Users/nickzwart/Desktop/Dries Tufa Labs/88327336.json,Dries @ Tufa Labs,0,1,Grimmsnarl,0.637,1202,Grimmsnarl,Dries Tufa Labs
88327792,/Users/nickzwart/Desktop/Dries Tufa Labs/88327792.json,Dries @ Tufa Labs,1,1,Grimmsnarl,0.637,1202,Grimmsnarl,Dries Tufa Labs
88328317,/Users/nickzwart/Desktop/Dries Tufa Labs/88328317.json,Dries @ Tufa Labs,1,0,Grimmsnarl,0.637,1202,Grimmsnarl,Dries Tufa Labs
88328848,/Users/nickzwart/Desktop/Dries Tufa Labs/88328848.json,Dries @ Tufa Labs,1,1,Dragapult,0.637,1202,Grimmsnarl,Dries Tufa Labs
88329393,/Users/nickzwart/Desktop/Dries Tufa Labs/88329393.json,Dries @ Tufa Labs,1,1,Grimmsnarl,0.637,1202,Grimmsnarl,Dries Tufa Labs
88329907,/Users/nickzwart/Desktop/Dries Tufa Labs/88329907.json,Dries @ Tufa Labs,0,0,Grimmsnarl,0.637,1202,Grimmsnarl,Dries Tufa Labs
88330443,/Users/nickzwart/Desktop/Dries Tufa Labs/88330443.json,Dries @ Tufa Labs,1,1,Grimmsnarl,0.637,1202,Grimmsnarl,Dries Tufa Labs
88330966,/Users/nickzwart/Desktop/Dries Tufa Labs/88330966.json,Dries @ Tufa Labs,0,1,Grimmsnarl,0.637,1202,Grimmsnarl,Dries Tufa Labs
88331486,/Users/nickzwart/Desktop/Dries Tufa Labs/88331486.json,Dries @ Tufa Labs,1,1,Grimmsnarl,0.637,1202,Grimmsnarl,Dries Tufa Labs
88331998,/Users/nickzwart/Desktop/Dries Tufa Labs/88331998.json,Dries @ Tufa Labs,1,0,M-Kangaskhan,0.637,1202,Grimmsnarl,Dries Tufa Labs
88332011,/Users/nickzwart/Desktop/Dries Tufa Labs/88332011.json,Dries @ Tufa Labs,0,0,M-Kangaskhan,0.637,1202,Grimmsnarl,Dries Tufa Labs
88332016,/Users/nickzwart/Desktop/Dries Tufa Labs/88332016.json,Dries @ Tufa Labs,1,1,other,0.637,1202,Grimmsnarl,Dries Tufa Labs
88332522,/Users/nickzwart/Desktop/Dries Tufa Labs/88332522.json,Dries @ Tufa Labs,0,0,Grimmsnarl,0.637,1202,Grimmsnarl,Dries Tufa Labs
88333037,/Users/nickzwart/Desktop/Dries Tufa Labs/88333037.json,Dries @ Tufa Labs,1,0,Dragapult,0.637,1202,Grimmsnarl,Dries Tufa Labs
88333040,/Users/nickzwart/Desktop/Dries Tufa Labs/88333040.json,Dries @ Tufa Labs,0,0,M-Kangaskhan,0.637,1202,Grimmsnarl,Dries Tufa Labs
88333559,/Users/nickzwart/Desktop/Dries Tufa Labs/88333559.json,Dries @ Tufa Labs,0,1,Cynthia-Garchomp,0.637,1202,Grimmsnarl,Dries Tufa Labs
88333574,/Users/nickzwart/Desktop/Dries Tufa Labs/88333574.json,Dries @ Tufa Labs,0,1,Grimmsnarl,0.637,1202,Grimmsnarl,Dries Tufa Labs
88334081,/Users/nickzwart/Desktop/Dries Tufa Labs/88334081.json,Dries @ Tufa Labs,0,0,Grimmsnarl,0.637,1202,Grimmsnarl,Dries Tufa Labs
88334090,/Users/nickzwart/Desktop/Dries Tufa Labs/88334090.json,Dries @ Tufa Labs,1,0,Cynthia-Garchomp,0.637,1202,Grimmsnarl,Dries Tufa Labs
88334612,/Users/nickzwart/Desktop/Dries Tufa Labs/88334612.json,Dries @ Tufa Labs,0,1,Grimmsnarl,0.637,1202,Grimmsnarl,Dries Tufa Labs
88335140,/Users/nickzwart/Desktop/Dries Tufa Labs/88335140.json,Dries @ Tufa Labs,1,1,Grimmsnarl,0.637,1202,Grimmsnarl,Dries Tufa Labs
88335148,/Users/nickzwart/Desktop/Dries Tufa Labs/88335148.json,Dries @ Tufa Labs,0,0,Cynthia-Garchomp,0.637,1202,Grimmsnarl,Dries Tufa Labs
88335654,/Users/nickzwart/Desktop/Dries Tufa Labs/88335654.json,Dries @ Tufa Labs,0,1,Alakazam,0.637,1202,Grimmsnarl,Dries Tufa Labs
88336172,/Users/nickzwart/Desktop/Dries Tufa Labs/88336172.json,Dries @ Tufa Labs,0,0,Grimmsnarl,0.637,1202,Grimmsnarl,Dries Tufa Labs
88336175,/Users/nickzwart/Desktop/Dries Tufa Labs/88336175.json,Dries @ Tufa Labs,1,0,Grimmsnarl,0.637,1202,Grimmsnarl,Dries Tufa Labs
88336704,/Users/nickzwart/Desktop/Dries Tufa Labs/88336704.json,Dries @ Tufa Labs,1,1,Grimmsnarl,0.637,1202,Grimmsnarl,Dries Tufa Labs
88337227,/Users/nickzwart/Desktop/Dries Tufa Labs/88337227.json,Dries @ Tufa Labs,1,1,Grimmsnarl,0.637,1202,Grimmsnarl,Dries Tufa Labs
88337745,/Users/nickzwart/Desktop/Dries Tufa Labs/88337745.json,Dries @ Tufa Labs,0,1,other,0.637,1202,Grimmsnarl,Dries Tufa Labs
88337797,/Users/nickzwart/Desktop/Dries Tufa Labs/88337797.json,Dries @ Tufa Labs,0,1,Alakazam,0.637,1202,Grimmsnarl,Dries Tufa Labs
88338290,/Users/nickzwart/Desktop/Dries Tufa Labs/88338290.json,Dries @ Tufa Labs,1,1,Grimmsnarl,0.637,1202,Grimmsnarl,Dries Tufa Labs
88338804,/Users/nickzwart/Desktop/Dries Tufa Labs/88338804.json,Dries @ Tufa Labs,0,1,M-Kangaskhan,0.637,1202,Grimmsnarl,Dries Tufa Labs
88338805,/Users/nickzwart/Desktop/Dries Tufa Labs/88338805.json,Dries @ Tufa Labs,1,0,Grimmsnarl,0.637,1202,Grimmsnarl,Dries Tufa Labs
88339326,/Users/nickzwart/Desktop/Dries Tufa Labs/88339326.json,Dries @ Tufa Labs,1,1,Grimmsnarl,0.637,1202,Grimmsnarl,Dries Tufa Labs
88339858,/Users/nickzwart/Desktop/Dries Tufa Labs/88339858.json,Dries @ Tufa Labs,0,0,M-Kangaskhan,0.637,1202,Grimmsnarl,Dries Tufa Labs
88339866,/Users/nickzwart/Desktop/Dries Tufa Labs/88339866.json,Dries @ Tufa Labs,1,1,Grimmsnarl,0.637,1202,Grimmsnarl,Dries Tufa Labs
88340383,/Users/nickzwart/Desktop/Dries Tufa Labs/88340383.json,Dries @ Tufa Labs,1,1,other,0.637,1202,Grimmsnarl,Dries Tufa Labs
88340913,/Users/nickzwart/Desktop/Dries Tufa Labs/88340913.json,Dries @ Tufa Labs,1,1,Grimmsnarl,0.637,1202,Grimmsnarl,Dries Tufa Labs
88340927,/Users/nickzwart/Desktop/Dries Tufa Labs/88340927.json,Dries @ Tufa Labs,0,0,Cynthia-Garchomp,0.637,1202,Grimmsnarl,Dries Tufa Labs
88341495,/Users/nickzwart/Desktop/Dries Tufa Labs/88341495.json,Dries @ Tufa Labs,0,1,Alakazam,0.637,1202,Grimmsnarl,Dries Tufa Labs
88342030,/Users/nickzwart/Desktop/Dries Tufa Labs/88342030.json,Dries @ Tufa Labs,1,1,other,0.637,1202,Grimmsnarl,Dries Tufa Labs
88342572,/Users/nickzwart/Desktop/Dries Tufa Labs/88342572.json,Dries @ Tufa Labs,0,1,Alakazam,0.637,1202,Grimmsnarl,Dries Tufa Labs
88343100,/Users/nickzwart/Desktop/Dries Tufa Labs/88343100.json,Dries @ Tufa Labs,1,1,Grimmsnarl,0.637,1202,Grimmsnarl,Dries Tufa Labs
88343625,/Users/nickzwart/Desktop/Dries Tufa Labs/88343625.json,Dries @ Tufa Labs,0,0,M-Kangaskhan,0.637,1202,Grimmsnarl,Dries Tufa Labs
88343629,/Users/nickzwart/Desktop/Dries Tufa Labs/88343629.json,Dries @ Tufa Labs,1,0,Dragapult,0.637,1202,Grimmsnarl,Dries Tufa Labs
88343645,/Users/nickzwart/Desktop/Dries Tufa Labs/88343645.json,Dries @ Tufa Labs,1,1,Grimmsnarl,0.637,1202,Grimmsnarl,Dries Tufa Labs
88344149,/Users/nickzwart/Desktop/Dries Tufa Labs/88344149.json,Dries @ Tufa Labs,1,0,M-Kangaskhan,0.637,1202,Grimmsnarl,Dries Tufa Labs
88344157,/Users/nickzwart/Desktop/Dries Tufa Labs/88344157.json,Dries @ Tufa Labs,0,1,Cynthia-Garchomp,0.637,1202,Grimmsnarl,Dries Tufa Labs
88344682,/Users/nickzwart/Desktop/Dries Tufa Labs/88344682.json,Dries @ Tufa Labs,1,0,Grimmsnarl,0.637,1202,Grimmsnarl,Dries Tufa Labs
88345190,/Users/nickzwart/Desktop/Dries Tufa Labs/88345190.json,Dries @ Tufa Labs,1,0,M-Kangaskhan,0.637,1202,Grimmsnarl,Dries Tufa Labs
88345211,/Users/nickzwart/Desktop/Dries Tufa Labs/88345211.json,Dries @ Tufa Labs,0,1,Grimmsnarl,0.637,1202,Grimmsnarl,Dries Tufa Labs
88345739,/Users/nickzwart/Desktop/Dries Tufa Labs/88345739.json,Dries @ Tufa Labs,0,1,Grimmsnarl,0.637,1202,Grimmsnarl,Dries Tufa Labs
88346256,/Users/nickzwart/Desktop/Dries Tufa Labs/88346256.json,Dries @ Tufa Labs,1,0,other,0.637,1202,Grimmsnarl,Dries Tufa Labs
88346266,/Users/nickzwart/Desktop/Dries Tufa Labs/88346266.json,Dries @ Tufa Labs,1,1,Grimmsnarl,0.637,1202,Grimmsnarl,Dries Tufa Labs
88346796,/Users/nickzwart/Desktop/Dries Tufa Labs/88346796.json,Dries @ Tufa Labs,0,0,Grimmsnarl,0.637,1202,Grimmsnarl,Dries Tufa Labs
88347317,/Users/nickzwart/Desktop/Dries Tufa Labs/88347317.json,Dries @ Tufa Labs,1,1,M-Kangaskhan,0.637,1202,Grimmsnarl,Dries Tufa Labs
88347331,/Users/nickzwart/Desktop/Dries Tufa Labs/88347331.json,Dries @ Tufa Labs,0,0,Dragapult,0.637,1202,Grimmsnarl,Dries Tufa Labs
88347333,/Users/nickzwart/Desktop/Dries Tufa Labs/88347333.json,Dries @ Tufa Labs,1,1,Alakazam,0.637,1202,Grimmsnarl,Dries Tufa Labs
88347855,/Users/nickzwart/Desktop/Dries Tufa Labs/88347855.json,Dries @ Tufa Labs,1,0,M-Kangaskhan,0.637,1202,Grimmsnarl,Dries Tufa Labs
88347856,/Users/nickzwart/Desktop/Dries Tufa Labs/88347856.json,Dries @ Tufa Labs,1,0,Grimmsnarl,0.637,1202,Grimmsnarl,Dries Tufa Labs
88348375,/Users/nickzwart/Desktop/Dries Tufa Labs/88348375.json,Dries @ Tufa Labs,0,0,Alakazam,0.637,1202,Grimmsnarl,Dries Tufa Labs
88348899,/Users/nickzwart/Desktop/Dries Tufa Labs/88348899.json,Dries @ Tufa Labs,0,1,Grimmsnarl,0.637,1202,Grimmsnarl,Dries Tufa Labs
88348908,/Users/nickzwart/Desktop/Dries Tufa Labs/88348908.json,Dries @ Tufa Labs,0,1,Alakazam,0.637,1202,Grimmsnarl,Dries Tufa Labs
88349417,/Users/nickzwart/Desktop/Dries Tufa Labs/88349417.json,Dries @ Tufa Labs,1,0,M-Kangaskhan,0.637,1202,Grimmsnarl,Dries Tufa Labs
88349427,/Users/nickzwart/Desktop/Dries Tufa Labs/88349427.json,Dries @ Tufa Labs,0,1,Grimmsnarl,0.637,1202,Grimmsnarl,Dries Tufa Labs
88349958,/Users/nickzwart/Desktop/Dries Tufa Labs/88349958.json,Dries @ Tufa Labs,1,1,Archaludon,0.637,1202,Grimmsnarl,Dries Tufa Labs
88350471,/Users/nickzwart/Desktop/Dries Tufa Labs/88350471.json,Dries @ Tufa Labs,0,1,Dragapult,0.637,1202,Grimmsnarl,Dries Tufa Labs
88350483,/Users/nickzwart/Desktop/Dries Tufa Labs/88350483.json,Dries @ Tufa Labs,1,1,Grimmsnarl,0.637,1202,Grimmsnarl,Dries Tufa Labs
88351008,/Users/nickzwart/Desktop/Dries Tufa Labs/88351008.json,Dries @ Tufa Labs,0,1,M-Kangaskhan,0.637,1202,Grimmsnarl,Dries Tufa Labs
88351015,/Users/nickzwart/Desktop/Dries Tufa Labs/88351015.json,Dries @ Tufa Labs,1,1,Grimmsnarl,0.637,1202,Grimmsnarl,Dries Tufa Labs
88351521,/Users/nickzwart/Desktop/Dries Tufa Labs/88351521.json,Dries @ Tufa Labs,0,1,Grimmsnarl,0.637,1202,Grimmsnarl,Dries Tufa Labs
88352055,/Users/nickzwart/Desktop/Dries Tufa Labs/88352055.json,Dries @ Tufa Labs,0,1,Grimmsnarl,0.637,1202,Grimmsnarl,Dries Tufa Labs
88352586,/Users/nickzwart/Desktop/Dries Tufa Labs/88352586.json,Dries @ Tufa Labs,1,1,Crustle,0.637,1202,Grimmsnarl,Dries Tufa Labs
88353123,/Users/nickzwart/Desktop/Dries Tufa Labs/88353123.json,Dries @ Tufa Labs,0,0,Grimmsnarl,0.637,1202,Grimmsnarl,Dries Tufa Labs
88353640,/Users/nickzwart/Desktop/Dries Tufa Labs/88353640.json,Dries @ Tufa Labs,1,0,M-Kangaskhan,0.637,1202,Grimmsnarl,Dries Tufa Labs
88354172,/Users/nickzwart/Desktop/Dries Tufa Labs/88354172.json,Dries @ Tufa Labs,1,0,other,0.637,1202,Grimmsnarl,Dries Tufa Labs
88354687,/Users/nickzwart/Desktop/Dries Tufa Labs/88354687.json,Dries @ Tufa Labs,0,1,other,0.637,1202,Grimmsnarl,Dries Tufa Labs
88355213,/Users/nickzwart/Desktop/Dries Tufa Labs/88355213.json,Dries @ Tufa Labs,0,1,Dragapult,0.637,1202,Grimmsnarl,Dries Tufa Labs
88355726,/Users/nickzwart/Desktop/Dries Tufa Labs/88355726.json,Dries @ Tufa Labs,0,1,Grimmsnarl,0.637,1202,Grimmsnarl,Dries Tufa Labs
88355734,/Users/nickzwart/Desktop/Dries Tufa Labs/88355734.json,Dries @ Tufa Labs,0,1,M-Kangaskhan,0.637,1202,Grimmsnarl,Dries Tufa Labs
88355736,/Users/nickzwart/Desktop/Dries Tufa Labs/88355736.json,Dries @ Tufa Labs,0,1,Grimmsnarl,0.637,1202,Grimmsnarl,Dries Tufa Labs
88356256,/Users/nickzwart/Desktop/Dries Tufa Labs/88356256.json,Dries @ Tufa Labs,0,1,Alakazam,0.637,1202,Grimmsnarl,Dries Tufa Labs
88356785,/Users/nickzwart/Desktop/Dries Tufa Labs/88356785.json,Dries @ Tufa Labs,1,0,Cynthia-Garchomp,0.637,1202,Grimmsnarl,Dries Tufa Labs
88357293,/Users/nickzwart/Desktop/Dries Tufa Labs/88357293.json,Dries @ Tufa Labs,0,1,M-Lucario,0.637,1202,Grimmsnarl,Dries Tufa Labs
88357364,/Users/nickzwart/Desktop/Dries Tufa Labs/88357364.json,Dries @ Tufa Labs,1,1,Grimmsnarl,0.637,1202,Grimmsnarl,Dries Tufa Labs
88357838,/Users/nickzwart/Desktop/Dries Tufa Labs/88357838.json,Dries @ Tufa Labs,1,0,M-Kangaskhan,0.637,1202,Grimmsnarl,Dries Tufa Labs
88357889,/Users/nickzwart/Desktop/Dries Tufa Labs/88357889.json,Dries @ Tufa Labs,1,1,Grimmsnarl,0.637,1202,Grimmsnarl,Dries Tufa Labs
88358361,/Users/nickzwart/Desktop/Dries Tufa Labs/88358361.json,Dries @ Tufa Labs,1,1,Grimmsnarl,0.637,1202,Grimmsnarl,Dries Tufa Labs
88358882,/Users/nickzwart/Desktop/Dries Tufa Labs/88358882.json,Dries @ Tufa Labs,1,1,Grimmsnarl,0.637,1202,Grimmsnarl,Dries Tufa Labs
88359411,/Users/nickzwart/Desktop/Dries Tufa Labs/88359411.json,Dries @ Tufa Labs,0,1,Grimmsnarl,0.637,1202,Grimmsnarl,Dries Tufa Labs
88359939,/Users/nickzwart/Desktop/Dries Tufa Labs/88359939.json,Dries @ Tufa Labs,1,0,Dragapult,0.637,1202,Grimmsnarl,Dries Tufa Labs
88360461,/Users/nickzwart/Desktop/Dries Tufa Labs/88360461.json,Dries @ Tufa Labs,1,1,Grimmsnarl,0.637,1202,Grimmsnarl,Dries Tufa Labs
88360986,/Users/nickzwart/Desktop/Dries Tufa Labs/88360986.json,Dries @ Tufa Labs,0,1,Grimmsnarl,0.637,1202,Grimmsnarl,Dries Tufa Labs
88361501,/Users/nickzwart/Desktop/Dries Tufa Labs/88361501.json,Dries @ Tufa Labs,1,1,other,0.637,1202,Grimmsnarl,Dries Tufa Labs
88362032,/Users/nickzwart/Desktop/Dries Tufa Labs/88362032.json,Dries @ Tufa Labs,0,1,Crustle,0.637,1202,Grimmsnarl,Dries Tufa Labs
88362059,/Users/nickzwart/Desktop/Dries Tufa Labs/88362059.json,Dries @ Tufa Labs,0,0,Grimmsnarl,0.637,1202,Grimmsnarl,Dries Tufa Labs
88362557,/Users/nickzwart/Desktop/Dries Tufa Labs/88362557.json,Dries @ Tufa Labs,1,1,Grimmsnarl,0.637,1202,Grimmsnarl,Dries Tufa Labs
88363088,/Users/nickzwart/Desktop/Dries Tufa Labs/88363088.json,Dries @ Tufa Labs,0,0,other,0.637,1202,Grimmsnarl,Dries Tufa Labs
88363101,/Users/nickzwart/Desktop/Dries Tufa Labs/88363101.json,Dries @ Tufa Labs,1,0,Grimmsnarl,0.637,1202,Grimmsnarl,Dries Tufa Labs
88363645,/Users/nickzwart/Desktop/Dries Tufa Labs/88363645.json,Dries @ Tufa Labs,0,0,Crustle,0.637,1202,Grimmsnarl,Dries Tufa Labs
88364139,/Users/nickzwart/Desktop/Dries Tufa Labs/88364139.json,Dries @ Tufa Labs,1,1,Grimmsnarl,0.637,1202,Grimmsnarl,Dries Tufa Labs
88364628,/Users/nickzwart/Desktop/Dries Tufa Labs/88364628.json,Dries @ Tufa Labs,1,0,other,0.637,1202,Grimmsnarl,Dries Tufa Labs
88365183,/Users/nickzwart/Desktop/Dries Tufa Labs/88365183.json,Dries @ Tufa Labs,0,1,Grimmsnarl,0.637,1202,Grimmsnarl,Dries Tufa Labs
88365682,/Users/nickzwart/Desktop/Dries Tufa Labs/88365682.json,Dries @ Tufa Labs,0,0,Grimmsnarl,0.637,1202,Grimmsnarl,Dries Tufa Labs
88366233,/Users/nickzwart/Desktop/Dries Tufa Labs/88366233.json,Dries @ Tufa Labs,0,1,Dragapult,0.637,1202,Grimmsnarl,Dries Tufa Labs
88366722,/Users/nickzwart/Desktop/Dries Tufa Labs/88366722.json,Dries @ Tufa Labs,1,1,Grimmsnarl,0.637,1202,Grimmsnarl,Dries Tufa Labs
88367205,/Users/nickzwart/Desktop/Dries Tufa Labs/88367205.json,Dries @ Tufa Labs,0,0,Grimmsnarl,0.637,1202,Grimmsnarl,Dries Tufa Labs
88367755,/Users/nickzwart/Desktop/Dries Tufa Labs/88367755.json,Dries @ Tufa Labs,0,1,Alakazam,0.637,1202,Grimmsnarl,Dries Tufa Labs
88368245,/Users/nickzwart/Desktop/Dries Tufa Labs/88368245.json,Dries @ Tufa Labs,1,0,Grimmsnarl,0.637,1202,Grimmsnarl,Dries Tufa Labs
88368760,/Users/nickzwart/Desktop/Dries Tufa Labs/88368760.json,Dries @ Tufa Labs,1,1,other,0.637,1202,Grimmsnarl,Dries Tufa Labs
88368822,/Users/nickzwart/Desktop/Dries Tufa Labs/88368822.json,Dries @ Tufa Labs,0,0,Grimmsnarl,0.637,1202,Grimmsnarl,Dries Tufa Labs
88369306,/Users/nickzwart/Desktop/Dries Tufa Labs/88369306.json,Dries @ Tufa Labs,1,1,Grimmsnarl,0.637,1202,Grimmsnarl,Dries Tufa Labs
88369789,/Users/nickzwart/Desktop/Dries Tufa Labs/88369789.json,Dries @ Tufa Labs,0,1,M-Kangaskhan,0.637,1202,Grimmsnarl,Dries Tufa Labs
88370287,/Users/nickzwart/Desktop/Dries Tufa Labs/88370287.json,Dries @ Tufa Labs,1,0,M-Kangaskhan,0.637,1202,Grimmsnarl,Dries Tufa Labs
88370309,/Users/nickzwart/Desktop/Dries Tufa Labs/88370309.json,Dries @ Tufa Labs,1,0,Grimmsnarl,0.637,1202,Grimmsnarl,Dries Tufa Labs
88370341,/Users/nickzwart/Desktop/Dries Tufa Labs/88370341.json,Dries @ Tufa Labs,0,0,Grimmsnarl,0.637,1202,Grimmsnarl,Dries Tufa Labs
88370839,/Users/nickzwart/Desktop/Dries Tufa Labs/88370839.json,Dries @ Tufa Labs,1,1,Alakazam,0.637,1202,Grimmsnarl,Dries Tufa Labs
88371358,/Users/nickzwart/Desktop/Dries Tufa Labs/88371358.json,Dries @ Tufa Labs,1,1,M-Starmie,0.637,1202,Grimmsnarl,Dries Tufa Labs
88371879,/Users/nickzwart/Desktop/Dries Tufa Labs/88371879.json,Dries @ Tufa Labs,1,1,M-Lucario,0.637,1202,Grimmsnarl,Dries Tufa Labs
88372409,/Users/nickzwart/Desktop/Dries Tufa Labs/88372409.json,Dries @ Tufa Labs,1,0,Grimmsnarl,0.637,1202,Grimmsnarl,Dries Tufa Labs
88372936,/Users/nickzwart/Desktop/Dries Tufa Labs/88372936.json,Dries @ Tufa Labs,1,0,Grimmsnarl,0.637,1202,Grimmsnarl,Dries Tufa Labs
88373474,/Users/nickzwart/Desktop/Dries Tufa Labs/88373474.json,Dries @ Tufa Labs,0,1,Alakazam,0.637,1202,Grimmsnarl,Dries Tufa Labs
88373984,/Users/nickzwart/Desktop/Dries Tufa Labs/88373984.json,Dries @ Tufa Labs,1,0,Alakazam,0.637,1202,Grimmsnarl,Dries Tufa Labs
88374537,/Users/nickzwart/Desktop/Dries Tufa Labs/88374537.json,Dries @ Tufa Labs,1,1,Grimmsnarl,0.637,1202,Grimmsnarl,Dries Tufa Labs
88375036,/Users/nickzwart/Desktop/Dries Tufa Labs/88375036.json,Dries @ Tufa Labs,1,0,Grimmsnarl,0.637,1202,Grimmsnarl,Dries Tufa Labs
88375526,/Users/nickzwart/Desktop/Dries Tufa Labs/88375526.json,Dries @ Tufa Labs,0,1,Grimmsnarl,0.637,1202,Grimmsnarl,Dries Tufa Labs
88375586,/Users/nickzwart/Desktop/Dries Tufa Labs/88375586.json,Dries @ Tufa Labs,1,1,Grimmsnarl,0.637,1202,Grimmsnarl,Dries Tufa Labs
88376061,/Users/nickzwart/Desktop/Dries Tufa Labs/88376061.json,Dries @ Tufa Labs,1,1,Grimmsnarl,0.637,1202,Grimmsnarl,Dries Tufa Labs
88376325,/Users/nickzwart/Desktop/Dries Tufa Labs/88376325.json,Dries @ Tufa Labs,0,1,Alakazam,0.637,1202,Grimmsnarl,Dries Tufa Labs
88376581,/Users/nickzwart/Desktop/Dries Tufa Labs/88376581.json,Dries @ Tufa Labs,1,0,Alakazam,0.637,1202,Grimmsnarl,Dries Tufa Labs
88377115,/Users/nickzwart/Desktop/Dries Tufa Labs/88377115.json,Dries @ Tufa Labs,1,1,Crustle,0.637,1202,Grimmsnarl,Dries Tufa Labs
88377645,/Users/nickzwart/Desktop/Dries Tufa Labs/88377645.json,Dries @ Tufa Labs,0,0,Grimmsnarl,0.637,1202,Grimmsnarl,Dries Tufa Labs
88378177,/Users/nickzwart/Desktop/Dries Tufa Labs/88378177.json,Dries @ Tufa Labs,1,1,Grimmsnarl,0.637,1202,Grimmsnarl,Dries Tufa Labs
88378699,/Users/nickzwart/Desktop/Dries Tufa Labs/88378699.json,Dries @ Tufa Labs,0,1,Cynthia-Garchomp,0.637,1202,Grimmsnarl,Dries Tufa Labs
88378776,/Users/nickzwart/Desktop/Dries Tufa Labs/88378776.json,Dries @ Tufa Labs,1,0,Dragapult,0.637,1202,Grimmsnarl,Dries Tufa Labs
88379015,/Users/nickzwart/Desktop/Dries Tufa Labs/88379015.json,Dries @ Tufa Labs,0,1,Alakazam,0.637,1202,Grimmsnarl,Dries Tufa Labs
88379229,/Users/nickzwart/Desktop/Dries Tufa Labs/88379229.json,Dries @ Tufa Labs,0,0,M-Kangaskhan,0.637,1202,Grimmsnarl,Dries Tufa Labs
88379741,/Users/nickzwart/Desktop/Dries Tufa Labs/88379741.json,Dries @ Tufa Labs,0,1,Grimmsnarl,0.637,1202,Grimmsnarl,Dries Tufa Labs
88380261,/Users/nickzwart/Desktop/Dries Tufa Labs/88380261.json,Dries @ Tufa Labs,0,0,other,0.637,1202,Grimmsnarl,Dries Tufa Labs
88380794,/Users/nickzwart/Desktop/Dries Tufa Labs/88380794.json,Dries @ Tufa Labs,1,0,Alakazam,0.637,1202,Grimmsnarl,Dries Tufa Labs
88381336,/Users/nickzwart/Desktop/Dries Tufa Labs/88381336.json,Dries @ Tufa Labs,1,1,other,0.637,1202,Grimmsnarl,Dries Tufa Labs
88381849,/Users/nickzwart/Desktop/Dries Tufa Labs/88381849.json,Dries @ Tufa Labs,0,1,Alakazam,0.637,1202,Grimmsnarl,Dries Tufa Labs
88382352,/Users/nickzwart/Desktop/Dries Tufa Labs/88382352.json,Dries @ Tufa Labs,1,1,M-Starmie,0.637,1202,Grimmsnarl,Dries Tufa Labs
88382864,/Users/nickzwart/Desktop/Dries Tufa Labs/88382864.json,Dries @ Tufa Labs,1,1,Crustle,0.637,1202,Grimmsnarl,Dries Tufa Labs
88383375,/Users/nickzwart/Desktop/Dries Tufa Labs/88383375.json,Dries @ Tufa Labs,0,1,Alakazam,0.637,1202,Grimmsnarl,Dries Tufa Labs
88383883,/Users/nickzwart/Desktop/Dries Tufa Labs/88383883.json,Dries @ Tufa Labs,1,1,M-Lucario,0.637,1202,Grimmsnarl,Dries Tufa Labs
88384408,/Users/nickzwart/Desktop/Dries Tufa Labs/88384408.json,Dries @ Tufa Labs,0,1,Grimmsnarl,0.637,1202,Grimmsnarl,Dries Tufa Labs
88384421,/Users/nickzwart/Desktop/Dries Tufa Labs/88384421.json,Dries @ Tufa Labs,1,0,Dragapult,0.637,1202,Grimmsnarl,Dries Tufa Labs
88384937,/Users/nickzwart/Desktop/Dries Tufa Labs/88384937.json,Dries @ Tufa Labs,1,1,Grimmsnarl,0.637,1202,Grimmsnarl,Dries Tufa Labs
88385454,/Users/nickzwart/Desktop/Dries Tufa Labs/88385454.json,Dries @ Tufa Labs,1,1,Grimmsnarl,0.637,1202,Grimmsnarl,Dries Tufa Labs
88385974,/Users/nickzwart/Desktop/Dries Tufa Labs/88385974.json,Dries @ Tufa Labs,0,1,Dragapult,0.637,1202,Grimmsnarl,Dries Tufa Labs
88386494,/Users/nickzwart/Desktop/Dries Tufa Labs/88386494.json,Dries @ Tufa Labs,1,1,Grimmsnarl,0.637,1202,Grimmsnarl,Dries Tufa Labs
88387031,/Users/nickzwart/Desktop/Dries Tufa Labs/88387031.json,Dries @ Tufa Labs,0,1,other,0.637,1202,Grimmsnarl,Dries Tufa Labs
88387539,/Users/nickzwart/Desktop/Dries Tufa Labs/88387539.json,Dries @ Tufa Labs,0,0,Grimmsnarl,0.637,1202,Grimmsnarl,Dries Tufa Labs
88388063,/Users/nickzwart/Desktop/Dries Tufa Labs/88388063.json,Dries @ Tufa Labs,1,0,other,0.637,1202,Grimmsnarl,Dries Tufa Labs
88388586,/Users/nickzwart/Desktop/Dries Tufa Labs/88388586.json,Dries @ Tufa Labs,1,1,Grimmsnarl,0.637,1202,Grimmsnarl,Dries Tufa Labs
88389094,/Users/nickzwart/Desktop/Dries Tufa Labs/88389094.json,Dries @ Tufa Labs,1,0,Grimmsnarl,0.637,1202,Grimmsnarl,Dries Tufa Labs
88389633,/Users/nickzwart/Desktop/Dries Tufa Labs/88389633.json,Dries @ Tufa Labs,1,0,Grimmsnarl,0.637,1202,Grimmsnarl,Dries Tufa Labs
88389636,/Users/nickzwart/Desktop/Dries Tufa Labs/88389636.json,Dries @ Tufa Labs,1,0,Grimmsnarl,0.637,1202,Grimmsnarl,Dries Tufa Labs
88390097,/Users/nickzwart/Desktop/Dries Tufa Labs/88390097.json,Dries @ Tufa Labs,1,1,Grimmsnarl,0.637,1202,Grimmsnarl,Dries Tufa Labs
88390104,/Users/nickzwart/Desktop/Dries Tufa Labs/88390104.json,Dries @ Tufa Labs,0,0,other,0.637,1202,Grimmsnarl,Dries Tufa Labs
88390697,/Users/nickzwart/Desktop/Dries Tufa Labs/88390697.json,Dries @ Tufa Labs,0,0,M-Kangaskhan,0.637,1202,Grimmsnarl,Dries Tufa Labs
88391212,/Users/nickzwart/Desktop/Dries Tufa Labs/88391212.json,Dries @ Tufa Labs,1,1,other,0.637,1202,Grimmsnarl,Dries Tufa Labs
88391745,/Users/nickzwart/Desktop/Dries Tufa Labs/88391745.json,Dries @ Tufa Labs,0,1,other,0.637,1202,Grimmsnarl,Dries Tufa Labs
88392244,/Users/nickzwart/Desktop/Dries Tufa Labs/88392244.json,Dries @ Tufa Labs,1,1,Grimmsnarl,0.637,1202,Grimmsnarl,Dries Tufa Labs
88392772,/Users/nickzwart/Desktop/Dries Tufa Labs/88392772.json,Dries @ Tufa Labs,1,1,Grimmsnarl,0.637,1202,Grimmsnarl,Dries Tufa Labs
88393272,/Users/nickzwart/Desktop/Dries Tufa Labs/88393272.json,Dries @ Tufa Labs,1,0,Grimmsnarl,0.637,1202,Grimmsnarl,Dries Tufa Labs
88393285,/Users/nickzwart/Desktop/Dries Tufa Labs/88393285.json,Dries @ Tufa Labs,0,1,Grimmsnarl,0.637,1202,Grimmsnarl,Dries Tufa Labs
88393799,/Users/nickzwart/Desktop/Dries Tufa Labs/88393799.json,Dries @ Tufa Labs,1,0,Cynthia-Garchomp,0.637,1202,Grimmsnarl,Dries Tufa Labs
88394328,/Users/nickzwart/Desktop/Dries Tufa Labs/88394328.json,Dries @ Tufa Labs,0,1,Archaludon,0.637,1202,Grimmsnarl,Dries Tufa Labs
88394854,/Users/nickzwart/Desktop/Dries Tufa Labs/88394854.json,Dries @ Tufa Labs,1,1,Grimmsnarl,0.637,1202,Grimmsnarl,Dries Tufa Labs
88394862,/Users/nickzwart/Desktop/Dries Tufa Labs/88394862.json,Dries @ Tufa Labs,1,1,Grimmsnarl,0.637,1202,Grimmsnarl,Dries Tufa Labs
88395448,/Users/nickzwart/Desktop/Dries Tufa Labs/88395448.json,Dries @ Tufa Labs,1,0,Dipplin,0.637,1202,Grimmsnarl,Dries Tufa Labs
88396036,/Users/nickzwart/Desktop/Dries Tufa Labs/88396036.json,Dries @ Tufa Labs,1,1,Dragapult,0.637,1202,Grimmsnarl,Dries Tufa Labs
88396560,/Users/nickzwart/Desktop/Dries Tufa Labs/88396560.json,Dries @ Tufa Labs,0,0,Grimmsnarl,0.637,1202,Grimmsnarl,Dries Tufa Labs
88397070,/Users/nickzwart/Desktop/Dries Tufa Labs/88397070.json,Dries @ Tufa Labs,1,1,M-Starmie,0.637,1202,Grimmsnarl,Dries Tufa Labs
88397073,/Users/nickzwart/Desktop/Dries Tufa Labs/88397073.json,Dries @ Tufa Labs,1,0,Alakazam,0.637,1202,Grimmsnarl,Dries Tufa Labs
88397604,/Users/nickzwart/Desktop/Dries Tufa Labs/88397604.json,Dries @ Tufa Labs,1,1,other,0.637,1202,Grimmsnarl,Dries Tufa Labs
88398112,/Users/nickzwart/Desktop/Dries Tufa Labs/88398112.json,Dries @ Tufa Labs,1,1,Alakazam,0.637,1202,Grimmsnarl,Dries Tufa Labs
88398639,/Users/nickzwart/Desktop/Dries Tufa Labs/88398639.json,Dries @ Tufa Labs,0,0,Dragapult,0.637,1202,Grimmsnarl,Dries Tufa Labs
88399145,/Users/nickzwart/Desktop/Dries Tufa Labs/88399145.json,Dries @ Tufa Labs,1,1,Alakazam,0.637,1202,Grimmsnarl,Dries Tufa Labs
88399661,/Users/nickzwart/Desktop/Dries Tufa Labs/88399661.json,Dries @ Tufa Labs,0,1,Alakazam,0.637,1202,Grimmsnarl,Dries Tufa Labs
88399664,/Users/nickzwart/Desktop/Dries Tufa Labs/88399664.json,Dries @ Tufa Labs,0,0,Grimmsnarl,0.637,1202,Grimmsnarl,Dries Tufa Labs
88400192,/Users/nickzwart/Desktop/Dries Tufa Labs/88400192.json,Dries @ Tufa Labs,0,0,Alakazam,0.637,1202,Grimmsnarl,Dries Tufa Labs
88400722,/Users/nickzwart/Desktop/Dries Tufa Labs/88400722.json,Dries @ Tufa Labs,1,0,Grimmsnarl,0.637,1202,Grimmsnarl,Dries Tufa Labs
88401243,/Users/nickzwart/Desktop/Dries Tufa Labs/88401243.json,Dries @ Tufa Labs,0,1,M-Starmie,0.637,1202,Grimmsnarl,Dries Tufa Labs
88401756,/Users/nickzwart/Desktop/Dries Tufa Labs/88401756.json,Dries @ Tufa Labs,1,0,M-Kangaskhan,0.637,1202,Grimmsnarl,Dries Tufa Labs
88401759,/Users/nickzwart/Desktop/Dries Tufa Labs/88401759.json,Dries @ Tufa Labs,1,0,Dragapult,0.637,1202,Grimmsnarl,Dries Tufa Labs
88401773,/Users/nickzwart/Desktop/Dries Tufa Labs/88401773.json,Dries @ Tufa Labs,1,1,Grimmsnarl,0.637,1202,Grimmsnarl,Dries Tufa Labs
88402285,/Users/nickzwart/Desktop/Dries Tufa Labs/88402285.json,Dries @ Tufa Labs,1,1,Grimmsnarl,0.637,1202,Grimmsnarl,Dries Tufa Labs
88402798,/Users/nickzwart/Desktop/Dries Tufa Labs/88402798.json,Dries @ Tufa Labs,0,1,Grimmsnarl,0.637,1202,Grimmsnarl,Dries Tufa Labs
88402807,/Users/nickzwart/Desktop/Dries Tufa Labs/88402807.json,Dries @ Tufa Labs,1,1,Dragapult,0.637,1202,Grimmsnarl,Dries Tufa Labs
88402816,/Users/nickzwart/Desktop/Dries Tufa Labs/88402816.json,Dries @ Tufa Labs,0,1,M-Kangaskhan,0.637,1202,Grimmsnarl,Dries Tufa Labs
88403325,/Users/nickzwart/Desktop/Dries Tufa Labs/88403325.json,Dries @ Tufa Labs,0,0,Grimmsnarl,0.637,1202,Grimmsnarl,Dries Tufa Labs
88403329,/Users/nickzwart/Desktop/Dries Tufa Labs/88403329.json,Dries @ Tufa Labs,0,1,Grimmsnarl,0.637,1202,Grimmsnarl,Dries Tufa Labs
88403852,/Users/nickzwart/Desktop/Dries Tufa Labs/88403852.json,Dries @ Tufa Labs,1,0,Dragapult,0.637,1202,Grimmsnarl,Dries Tufa Labs
88404371,/Users/nickzwart/Desktop/Dries Tufa Labs/88404371.json,Dries @ Tufa Labs,1,1,Grimmsnarl,0.637,1202,Grimmsnarl,Dries Tufa Labs
88404886,/Users/nickzwart/Desktop/Dries Tufa Labs/88404886.json,Dries @ Tufa Labs,0,0,other,0.637,1202,Grimmsnarl,Dries Tufa Labs
88405400,/Users/nickzwart/Desktop/Dries Tufa Labs/88405400.json,Dries @ Tufa Labs,0,1,Alakazam,0.637,1202,Grimmsnarl,Dries Tufa Labs
88405922,/Users/nickzwart/Desktop/Dries Tufa Labs/88405922.json,Dries @ Tufa Labs,0,1,Grimmsnarl,0.637,1202,Grimmsnarl,Dries Tufa Labs
88406438,/Users/nickzwart/Desktop/Dries Tufa Labs/88406438.json,Dries @ Tufa Labs,1,0,Dragapult,0.637,1202,Grimmsnarl,Dries Tufa Labs
88406965,/Users/nickzwart/Desktop/Dries Tufa Labs/88406965.json,Dries @ Tufa Labs,0,1,Alakazam,0.637,1202,Grimmsnarl,Dries Tufa Labs
88407481,/Users/nickzwart/Desktop/Dries Tufa Labs/88407481.json,Dries @ Tufa Labs,0,1,Alakazam,0.637,1202,Grimmsnarl,Dries Tufa Labs
88408007,/Users/nickzwart/Desktop/Dries Tufa Labs/88408007.json,Dries @ Tufa Labs,1,1,Dragapult,0.637,1202,Grimmsnarl,Dries Tufa Labs
88408016,/Users/nickzwart/Desktop/Dries Tufa Labs/88408016.json,Dries @ Tufa Labs,1,0,M-Kangaskhan,0.637,1202,Grimmsnarl,Dries Tufa Labs
88408524,/Users/nickzwart/Desktop/Dries Tufa Labs/88408524.json,Dries @ Tufa Labs,0,1,Grimmsnarl,0.637,1202,Grimmsnarl,Dries Tufa Labs
88408531,/Users/nickzwart/Desktop/Dries Tufa Labs/88408531.json,Dries @ Tufa Labs,1,1,Alakazam,0.637,1202,Grimmsnarl,Dries Tufa Labs
88409055,/Users/nickzwart/Desktop/Dries Tufa Labs/88409055.json,Dries @ Tufa Labs,0,0,Grimmsnarl,0.637,1202,Grimmsnarl,Dries Tufa Labs
88409061,/Users/nickzwart/Desktop/Dries Tufa Labs/88409061.json,Dries @ Tufa Labs,0,0,Grimmsnarl,0.637,1202,Grimmsnarl,Dries Tufa Labs
88409571,/Users/nickzwart/Desktop/Dries Tufa Labs/88409571.json,Dries @ Tufa Labs,0,0,Alakazam,0.637,1202,Grimmsnarl,Dries Tufa Labs
88410093,/Users/nickzwart/Desktop/Dries Tufa Labs/88410093.json,Dries @ Tufa Labs,0,1,Dragapult,0.637,1202,Grimmsnarl,Dries Tufa Labs
88410102,/Users/nickzwart/Desktop/Dries Tufa Labs/88410102.json,Dries @ Tufa Labs,0,0,M-Kangaskhan,0.637,1202,Grimmsnarl,Dries Tufa Labs
88410625,/Users/nickzwart/Desktop/Dries Tufa Labs/88410625.json,Dries @ Tufa Labs,1,0,M-Lucario,0.637,1202,Grimmsnarl,Dries Tufa Labs
88411167,/Users/nickzwart/Desktop/Dries Tufa Labs/88411167.json,Dries @ Tufa Labs,0,0,M-Kangaskhan,0.637,1202,Grimmsnarl,Dries Tufa Labs
88411672,/Users/nickzwart/Desktop/Dries Tufa Labs/88411672.json,Dries @ Tufa Labs,1,1,other,0.637,1202,Grimmsnarl,Dries Tufa Labs
88412189,/Users/nickzwart/Desktop/Dries Tufa Labs/88412189.json,Dries @ Tufa Labs,1,1,M-Kangaskhan,0.637,1202,Grimmsnarl,Dries Tufa Labs
88412197,/Users/nickzwart/Desktop/Dries Tufa Labs/88412197.json,Dries @ Tufa Labs,1,1,Alakazam,0.637,1202,Grimmsnarl,Dries Tufa Labs
88412733,/Users/nickzwart/Desktop/Dries Tufa Labs/88412733.json,Dries @ Tufa Labs,0,1,M-Starmie,0.637,1202,Grimmsnarl,Dries Tufa Labs
88413252,/Users/nickzwart/Desktop/Dries Tufa Labs/88413252.json,Dries @ Tufa Labs,0,1,Dragapult,0.637,1202,Grimmsnarl,Dries Tufa Labs
88413772,/Users/nickzwart/Desktop/Dries Tufa Labs/88413772.json,Dries @ Tufa Labs,1,0,Alakazam,0.637,1202,Grimmsnarl,Dries Tufa Labs
88414305,/Users/nickzwart/Desktop/Dries Tufa Labs/88414305.json,Dries @ Tufa Labs,0,1,Grimmsnarl,0.637,1202,Grimmsnarl,Dries Tufa Labs
88414898,/Users/nickzwart/Desktop/Dries Tufa Labs/88414898.json,Dries @ Tufa Labs,1,1,other,0.637,1202,Grimmsnarl,Dries Tufa Labs
88415421,/Users/nickzwart/Desktop/Dries Tufa Labs/88415421.json,Dries @ Tufa Labs,1,1,Grimmsnarl,0.637,1202,Grimmsnarl,Dries Tufa Labs
88415934,/Users/nickzwart/Desktop/Dries Tufa Labs/88415934.json,Dries @ Tufa Labs,0,1,M-Kangaskhan,0.637,1202,Grimmsnarl,Dries Tufa Labs
88416449,/Users/nickzwart/Desktop/Dries Tufa Labs/88416449.json,Dries @ Tufa Labs,0,1,Grimmsnarl,0.637,1202,Grimmsnarl,Dries Tufa Labs
88416969,/Users/nickzwart/Desktop/Dries Tufa Labs/88416969.json,Dries @ Tufa Labs,0,1,Grimmsnarl,0.637,1202,Grimmsnarl,Dries Tufa Labs
88417491,/Users/nickzwart/Desktop/Dries Tufa Labs/88417491.json,Dries @ Tufa Labs,1,1,other,0.637,1202,Grimmsnarl,Dries Tufa Labs
88417998,/Users/nickzwart/Desktop/Dries Tufa Labs/88417998.json,Dries @ Tufa Labs,1,1,Crustle,0.637,1202,Grimmsnarl,Dries Tufa Labs
88418513,/Users/nickzwart/Desktop/Dries Tufa Labs/88418513.json,Dries @ Tufa Labs,1,0,Grimmsnarl,0.637,1202,Grimmsnarl,Dries Tufa Labs
88419043,/Users/nickzwart/Desktop/Dries Tufa Labs/88419043.json,Dries @ Tufa Labs,1,1,Alakazam,0.637,1202,Grimmsnarl,Dries Tufa Labs
88419556,/Users/nickzwart/Desktop/Dries Tufa Labs/88419556.json,Dries @ Tufa Labs,0,1,Alakazam,0.637,1202,Grimmsnarl,Dries Tufa Labs
88420084,/Users/nickzwart/Desktop/Dries Tufa Labs/88420084.json,Dries @ Tufa Labs,0,1,Grimmsnarl,0.637,1202,Grimmsnarl,Dries Tufa Labs
88420600,/Users/nickzwart/Desktop/Dries Tufa Labs/88420600.json,Dries @ Tufa Labs,0,0,Grimmsnarl,0.637,1202,Grimmsnarl,Dries Tufa Labs
88421118,/Users/nickzwart/Desktop/Dries Tufa Labs/88421118.json,Dries @ Tufa Labs,1,1,Grimmsnarl,0.637,1202,Grimmsnarl,Dries Tufa Labs
88421637,/Users/nickzwart/Desktop/Dries Tufa Labs/88421637.json,Dries @ Tufa Labs,0,0,Grimmsnarl,0.637,1202,Grimmsnarl,Dries Tufa Labs
88422168,/Users/nickzwart/Desktop/Dries Tufa Labs/88422168.json,Dries @ Tufa Labs,1,1,Crustle,0.637,1202,Grimmsnarl,Dries Tufa Labs
88422701,/Users/nickzwart/Desktop/Dries Tufa Labs/88422701.json,Dries @ Tufa Labs,0,0,Dragapult,0.637,1202,Grimmsnarl,Dries Tufa Labs
88423221,/Users/nickzwart/Desktop/Dries Tufa Labs/88423221.json,Dries @ Tufa Labs,0,0,other,0.637,1202,Grimmsnarl,Dries Tufa Labs
88423754,/Users/nickzwart/Desktop/Dries Tufa Labs/88423754.json,Dries @ Tufa Labs,0,1,Alakazam,0.637,1202,Grimmsnarl,Dries Tufa Labs
88424276,/Users/nickzwart/Desktop/Dries Tufa Labs/88424276.json,Dries @ Tufa Labs,1,1,Grimmsnarl,0.637,1202,Grimmsnarl,Dries Tufa Labs
88424281,/Users/nickzwart/Desktop/Dries Tufa Labs/88424281.json,Dries @ Tufa Labs,1,1,Grimmsnarl,0.637,1202,Grimmsnarl,Dries Tufa Labs
88424284,/Users/nickzwart/Desktop/Dries Tufa Labs/88424284.json,Dries @ Tufa Labs,0,1,Alakazam,0.637,1202,Grimmsnarl,Dries Tufa Labs
88424788,/Users/nickzwart/Desktop/Dries Tufa Labs/88424788.json,Dries @ Tufa Labs,0,1,Grimmsnarl,0.637,1202,Grimmsnarl,Dries Tufa Labs
88425294,/Users/nickzwart/Desktop/Dries Tufa Labs/88425294.json,Dries @ Tufa Labs,0,1,Grimmsnarl,0.637,1202,Grimmsnarl,Dries Tufa Labs
88425307,/Users/nickzwart/Desktop/Dries Tufa Labs/88425307.json,Dries @ Tufa Labs,0,1,Dragapult,0.637,1202,Grimmsnarl,Dries Tufa Labs
88425826,/Users/nickzwart/Desktop/Dries Tufa Labs/88425826.json,Dries @ Tufa Labs,0,0,Alakazam,0.637,1202,Grimmsnarl,Dries Tufa Labs
88425827,/Users/nickzwart/Desktop/Dries Tufa Labs/88425827.json,Dries @ Tufa Labs,0,1,other,0.637,1202,Grimmsnarl,Dries Tufa Labs
88426346,/Users/nickzwart/Desktop/Dries Tufa Labs/88426346.json,Dries @ Tufa Labs,1,0,Grimmsnarl,0.637,1202,Grimmsnarl,Dries Tufa Labs
88426873,/Users/nickzwart/Desktop/Dries Tufa Labs/88426873.json,Dries @ Tufa Labs,1,1,Grimmsnarl,0.637,1202,Grimmsnarl,Dries Tufa Labs
88426899,/Users/nickzwart/Desktop/Dries Tufa Labs/88426899.json,Dries @ Tufa Labs,1,1,Grimmsnarl,0.637,1202,Grimmsnarl,Dries Tufa Labs
88427418,/Users/nickzwart/Desktop/Dries Tufa Labs/88427418.json,Dries @ Tufa Labs,0,0,Alakazam,0.637,1202,Grimmsnarl,Dries Tufa Labs
88427433,/Users/nickzwart/Desktop/Dries Tufa Labs/88427433.json,Dries @ Tufa Labs,1,1,Grimmsnarl,0.637,1202,Grimmsnarl,Dries Tufa Labs
88427929,/Users/nickzwart/Desktop/Dries Tufa Labs/88427929.json,Dries @ Tufa Labs,1,0,Dragapult,0.637,1202,Grimmsnarl,Dries Tufa Labs
88428443,/Users/nickzwart/Desktop/Dries Tufa Labs/88428443.json,Dries @ Tufa Labs,0,1,Grimmsnarl,0.637,1202,Grimmsnarl,Dries Tufa Labs
88428952,/Users/nickzwart/Desktop/Dries Tufa Labs/88428952.json,Dries @ Tufa Labs,1,0,Grimmsnarl,0.637,1202,Grimmsnarl,Dries Tufa Labs
88428959,/Users/nickzwart/Desktop/Dries Tufa Labs/88428959.json,Dries @ Tufa Labs,0,1,Grimmsnarl,0.637,1202,Grimmsnarl,Dries Tufa Labs
88429474,/Users/nickzwart/Desktop/Dries Tufa Labs/88429474.json,Dries @ Tufa Labs,1,1,Cynthia-Garchomp,0.637,1202,Grimmsnarl,Dries Tufa Labs
88430019,/Users/nickzwart/Desktop/Dries Tufa Labs/88430019.json,Dries @ Tufa Labs,1,0,Grimmsnarl,0.637,1202,Grimmsnarl,Dries Tufa Labs
88430537,/Users/nickzwart/Desktop/Dries Tufa Labs/88430537.json,Dries @ Tufa Labs,0,0,Grimmsnarl,0.637,1202,Grimmsnarl,Dries Tufa Labs
88430540,/Users/nickzwart/Desktop/Dries Tufa Labs/88430540.json,Dries @ Tufa Labs,0,1,other,0.637,1202,Grimmsnarl,Dries Tufa Labs
88431053,/Users/nickzwart/Desktop/Dries Tufa Labs/88431053.json,Dries @ Tufa Labs,1,0,Grimmsnarl,0.637,1202,Grimmsnarl,Dries Tufa Labs
88431584,/Users/nickzwart/Desktop/Dries Tufa Labs/88431584.json,Dries @ Tufa Labs,0,0,Grimmsnarl,0.637,1202,Grimmsnarl,Dries Tufa Labs
88432101,/Users/nickzwart/Desktop/Dries Tufa Labs/88432101.json,Dries @ Tufa Labs,1,1,Crustle,0.637,1202,Grimmsnarl,Dries Tufa Labs
88432620,/Users/nickzwart/Desktop/Dries Tufa Labs/88432620.json,Dries @ Tufa Labs,0,1,Grimmsnarl,0.637,1202,Grimmsnarl,Dries Tufa Labs
88433134,/Users/nickzwart/Desktop/Dries Tufa Labs/88433134.json,Dries @ Tufa Labs,1,1,Dragapult,0.637,1202,Grimmsnarl,Dries Tufa Labs
88433135,/Users/nickzwart/Desktop/Dries Tufa Labs/88433135.json,Dries @ Tufa Labs,1,0,other,0.637,1202,Grimmsnarl,Dries Tufa Labs
88433657,/Users/nickzwart/Desktop/Dries Tufa Labs/88433657.json,Dries @ Tufa Labs,1,1,Alakazam,0.637,1202,Grimmsnarl,Dries Tufa Labs
88434243,/Users/nickzwart/Desktop/Dries Tufa Labs/88434243.json,Dries @ Tufa Labs,0,0,other,0.637,1202,Grimmsnarl,Dries Tufa Labs
88434682,/Users/nickzwart/Desktop/Dries Tufa Labs/88434682.json,Dries @ Tufa Labs,0,1,other,0.637,1202,Grimmsnarl,Dries Tufa Labs
88434686,/Users/nickzwart/Desktop/Dries Tufa Labs/88434686.json,Dries @ Tufa Labs,0,1,other,0.637,1202,Grimmsnarl,Dries Tufa Labs
88435221,/Users/nickzwart/Desktop/Dries Tufa Labs/88435221.json,Dries @ Tufa Labs,1,1,Grimmsnarl,0.637,1202,Grimmsnarl,Dries Tufa Labs
88435222,/Users/nickzwart/Desktop/Dries Tufa Labs/88435222.json,Dries @ Tufa Labs,0,1,Dragapult,0.637,1202,Grimmsnarl,Dries Tufa Labs
88435749,/Users/nickzwart/Desktop/Dries Tufa Labs/88435749.json,Dries @ Tufa Labs,0,1,Grimmsnarl,0.637,1202,Grimmsnarl,Dries Tufa Labs
88436262,/Users/nickzwart/Desktop/Dries Tufa Labs/88436262.json,Dries @ Tufa Labs,0,1,Grimmsnarl,0.637,1202,Grimmsnarl,Dries Tufa Labs
88436794,/Users/nickzwart/Desktop/Dries Tufa Labs/88436794.json,Dries @ Tufa Labs,0,0,other,0.637,1202,Grimmsnarl,Dries Tufa Labs
88437315,/Users/nickzwart/Desktop/Dries Tufa Labs/88437315.json,Dries @ Tufa Labs,0,0,Grimmsnarl,0.637,1202,Grimmsnarl,Dries Tufa Labs
88437317,/Users/nickzwart/Desktop/Dries Tufa Labs/88437317.json,Dries @ Tufa Labs,0,1,Dragapult,0.637,1202,Grimmsnarl,Dries Tufa Labs
88437838,/Users/nickzwart/Desktop/Dries Tufa Labs/88437838.json,Dries @ Tufa Labs,0,1,Alakazam,0.637,1202,Grimmsnarl,Dries Tufa Labs
88438353,/Users/nickzwart/Desktop/Dries Tufa Labs/88438353.json,Dries @ Tufa Labs,1,0,Grimmsnarl,0.637,1202,Grimmsnarl,Dries Tufa Labs
88438872,/Users/nickzwart/Desktop/Dries Tufa Labs/88438872.json,Dries @ Tufa Labs,0,1,Grimmsnarl,0.637,1202,Grimmsnarl,Dries Tufa Labs
88439399,/Users/nickzwart/Desktop/Dries Tufa Labs/88439399.json,Dries @ Tufa Labs,0,1,Cynthia-Garchomp,0.637,1202,Grimmsnarl,Dries Tufa Labs
88439907,/Users/nickzwart/Desktop/Dries Tufa Labs/88439907.json,Dries @ Tufa Labs,1,0,other,0.637,1202,Grimmsnarl,Dries Tufa Labs
88440488,/Users/nickzwart/Desktop/Dries Tufa Labs/88440488.json,Dries @ Tufa Labs,0,1,Grimmsnarl,0.637,1202,Grimmsnarl,Dries Tufa Labs
88440490,/Users/nickzwart/Desktop/Dries Tufa Labs/88440490.json,Dries @ Tufa Labs,1,0,other,0.637,1202,Grimmsnarl,Dries Tufa Labs
88441009,/Users/nickzwart/Desktop/Dries Tufa Labs/88441009.json,Dries @ Tufa Labs,0,1,Grimmsnarl,0.637,1202,Grimmsnarl,Dries Tufa Labs
88441525,/Users/nickzwart/Desktop/Dries Tufa Labs/88441525.json,Dries @ Tufa Labs,0,1,other,0.637,1202,Grimmsnarl,Dries Tufa Labs
88442055,/Users/nickzwart/Desktop/Dries Tufa Labs/88442055.json,Dries @ Tufa Labs,1,0,Grimmsnarl,0.637,1202,Grimmsnarl,Dries Tufa Labs
88442585,/Users/nickzwart/Desktop/Dries Tufa Labs/88442585.json,Dries @ Tufa Labs,0,0,Dragapult,0.637,1202,Grimmsnarl,Dries Tufa Labs
88443148,/Users/nickzwart/Desktop/Dries Tufa Labs/88443148.json,Dries @ Tufa Labs,1,0,Alakazam,0.637,1202,Grimmsnarl,Dries Tufa Labs
88443658,/Users/nickzwart/Desktop/Dries Tufa Labs/88443658.json,Dries @ Tufa Labs,1,1,Alakazam,0.637,1202,Grimmsnarl,Dries Tufa Labs
88444172,/Users/nickzwart/Desktop/Dries Tufa Labs/88444172.json,Dries @ Tufa Labs,1,1,Alakazam,0.637,1202,Grimmsnarl,Dries Tufa Labs
88444690,/Users/nickzwart/Desktop/Dries Tufa Labs/88444690.json,Dries @ Tufa Labs,1,0,other,0.637,1202,Grimmsnarl,Dries Tufa Labs
88445223,/Users/nickzwart/Desktop/Dries Tufa Labs/88445223.json,Dries @ Tufa Labs,0,0,other,0.637,1202,Grimmsnarl,Dries Tufa Labs
88445748,/Users/nickzwart/Desktop/Dries Tufa Labs/88445748.json,Dries @ Tufa Labs,0,1,Grimmsnarl,0.637,1202,Grimmsnarl,Dries Tufa Labs
88446272,/Users/nickzwart/Desktop/Dries Tufa Labs/88446272.json,Dries @ Tufa Labs,0,1,Cynthia-Garchomp,0.637,1202,Grimmsnarl,Dries Tufa Labs
88446794,/Users/nickzwart/Desktop/Dries Tufa Labs/88446794.json,Dries @ Tufa Labs,1,1,other,0.637,1202,Grimmsnarl,Dries Tufa Labs
88447315,/Users/nickzwart/Desktop/Dries Tufa Labs/88447315.json,Dries @ Tufa Labs,1,1,Grimmsnarl,0.637,1202,Grimmsnarl,Dries Tufa Labs
88447327,/Users/nickzwart/Desktop/Dries Tufa Labs/88447327.json,Dries @ Tufa Labs,0,0,Grimmsnarl,0.637,1202,Grimmsnarl,Dries Tufa Labs
88447831,/Users/nickzwart/Desktop/Dries Tufa Labs/88447831.json,Dries @ Tufa Labs,1,0,Dragapult,0.637,1202,Grimmsnarl,Dries Tufa Labs
88447841,/Users/nickzwart/Desktop/Dries Tufa Labs/88447841.json,Dries @ Tufa Labs,0,0,Grimmsnarl,0.637,1202,Grimmsnarl,Dries Tufa Labs
88448365,/Users/nickzwart/Desktop/Dries Tufa Labs/88448365.json,Dries @ Tufa Labs,1,0,Alakazam,0.637,1202,Grimmsnarl,Dries Tufa Labs
88448895,/Users/nickzwart/Desktop/Dries Tufa Labs/88448895.json,Dries @ Tufa Labs,1,1,Grimmsnarl,0.637,1202,Grimmsnarl,Dries Tufa Labs
88449425,/Users/nickzwart/Desktop/Dries Tufa Labs/88449425.json,Dries @ Tufa Labs,0,1,Grimmsnarl,0.637,1202,Grimmsnarl,Dries Tufa Labs
88449941,/Users/nickzwart/Desktop/Dries Tufa Labs/88449941.json,Dries @ Tufa Labs,0,1,Cynthia-Garchomp,0.637,1202,Grimmsnarl,Dries Tufa Labs
88450476,/Users/nickzwart/Desktop/Dries Tufa Labs/88450476.json,Dries @ Tufa Labs,1,1,M-Lucario,0.637,1202,Grimmsnarl,Dries Tufa Labs
88451046,/Users/nickzwart/Desktop/Dries Tufa Labs/88451046.json,Dries @ Tufa Labs,1,0,Dragapult,0.637,1202,Grimmsnarl,Dries Tufa Labs
88451059,/Users/nickzwart/Desktop/Dries Tufa Labs/88451059.json,Dries @ Tufa Labs,1,0,Alakazam,0.637,1202,Grimmsnarl,Dries Tufa Labs
88451064,/Users/nickzwart/Desktop/Dries Tufa Labs/88451064.json,Dries @ Tufa Labs,1,1,Grimmsnarl,0.637,1202,Grimmsnarl,Dries Tufa Labs
88451646,/Users/nickzwart/Desktop/Dries Tufa Labs/88451646.json,Dries @ Tufa Labs,1,1,Dragapult,0.637,1202,Grimmsnarl,Dries Tufa Labs
88451659,/Users/nickzwart/Desktop/Dries Tufa Labs/88451659.json,Dries @ Tufa Labs,0,1,Grimmsnarl,0.637,1202,Grimmsnarl,Dries Tufa Labs
88452184,/Users/nickzwart/Desktop/Dries Tufa Labs/88452184.json,Dries @ Tufa Labs,1,1,Grimmsnarl,0.637,1202,Grimmsnarl,Dries Tufa Labs
88452229,/Users/nickzwart/Desktop/Dries Tufa Labs/88452229.json,Dries @ Tufa Labs,0,0,other,0.637,1202,Grimmsnarl,Dries Tufa Labs
88452708,/Users/nickzwart/Desktop/Dries Tufa Labs/88452708.json,Dries @ Tufa Labs,1,0,Dragapult,0.637,1202,Grimmsnarl,Dries Tufa Labs
88453234,/Users/nickzwart/Desktop/Dries Tufa Labs/88453234.json,Dries @ Tufa Labs,0,1,Dipplin,0.637,1202,Grimmsnarl,Dries Tufa Labs
88453764,/Users/nickzwart/Desktop/Dries Tufa Labs/88453764.json,Dries @ Tufa Labs,0,0,Grimmsnarl,0.637,1202,Grimmsnarl,Dries Tufa Labs
88454282,/Users/nickzwart/Desktop/Dries Tufa Labs/88454282.json,Dries @ Tufa Labs,1,1,Dragapult,0.637,1202,Grimmsnarl,Dries Tufa Labs
88454293,/Users/nickzwart/Desktop/Dries Tufa Labs/88454293.json,Dries @ Tufa Labs,0,1,Alakazam,0.637,1202,Grimmsnarl,Dries Tufa Labs
88454814,/Users/nickzwart/Desktop/Dries Tufa Labs/88454814.json,Dries @ Tufa Labs,1,1,Grimmsnarl,0.637,1202,Grimmsnarl,Dries Tufa Labs
88455398,/Users/nickzwart/Desktop/Dries Tufa Labs/88455398.json,Dries @ Tufa Labs,1,1,Alakazam,0.637,1202,Grimmsnarl,Dries Tufa Labs
88455932,/Users/nickzwart/Desktop/Dries Tufa Labs/88455932.json,Dries @ Tufa Labs,0,0,Alakazam,0.637,1202,Grimmsnarl,Dries Tufa Labs
88456497,/Users/nickzwart/Desktop/Dries Tufa Labs/88456497.json,Dries @ Tufa Labs,1,1,Grimmsnarl,0.637,1202,Grimmsnarl,Dries Tufa Labs
88457043,/Users/nickzwart/Desktop/Dries Tufa Labs/88457043.json,Dries @ Tufa Labs,1,1,M-Starmie,0.637,1202,Grimmsnarl,Dries Tufa Labs
88458034,/Users/nickzwart/Desktop/Dries Tufa Labs/88458034.json,Dries @ Tufa Labs,0,0,Dragapult,0.637,1202,Grimmsnarl,Dries Tufa Labs
88465480,/Users/nickzwart/Desktop/Dries Tufa Labs/88465480.json,Dries @ Tufa Labs,0,1,Grimmsnarl,0.637,1202,Grimmsnarl,Dries Tufa Labs
